statistic,p_value
23.534482758620758,0.0006358758753150106
